system,sequence,ate_run1,ate_run2,ate_run3,ate_min,ate_max,ate_ratio,rte_ratio,cross1,cross10,ratio_ge2,ratio_ge10
ORB-SLAM3,MGO01,0.1159260479,0.1353736015,0.1151901927,0.1151901927,0.1353736015,1.1752181182000923,1.025009816541041,False,False,False,False
ORB-SLAM3,MGO02,0.4486582119,0.7101084137,0.7641737576,0.4486582119,0.7641737576,1.7032425515267828,2.3466467350460345,False,False,False,False
ORB-SLAM3,MGO03,0.1399910272,0.1394619778,0.1396388483,0.1394619778,0.1399910272,1.0037935027764966,1.0237293995787844,False,False,False,False
ORB-SLAM3,MGO04,0.9914388403,0.1284998132,0.1210805618,0.1210805618,0.9914388403,8.188257682002265,5.56878419882711,False,False,True,False
ORB-SLAM3,MGO06,0.3011720385,0.1259844193,0.17907572,0.1259844193,0.3011720385,2.39054988048034,1.5019398981804275,False,False,True,False
ORB-SLAM3,MGO07,0.1544303617,0.1426694512,0.1536381587,0.1426694512,0.1544303617,1.082434679611356,1.077051989253812,False,False,False,False
ORB-SLAM3,MGO08,0.8672062962,1.5212075524,0.896494442,0.8672062962,1.5212075524,1.754147264688644,2.1247958756322753,True,False,False,False
ORB-SLAM3,MGO09,0.0464263332,0.0436562418,0.0980008422,0.0436562418,0.0980008422,2.244830021076161,1.192034038614974,False,False,True,False
ORB-SLAM3,MGO10,0.3290560458,0.3317080889,0.3166179551,0.3166179551,0.3317080889,1.0476603855117248,1.0355882455889855,False,False,False,False
ORB-SLAM3,MGO11,0.3977437675,0.3746664481,0.8637454289,0.3746664481,0.8637454289,2.3053717067012705,1.4038253097725844,False,False,True,False
ORB-SLAM3,MGO13,123.2235942874,114.4189016985,116.352285517,114.4189016985,123.2235942874,1.0769513817926766,1.4206806480905292,False,False,False,False
ORB-SLAM3,MGO14,0.2313860615,0.2438256201,0.2443506439,0.2313860615,0.2443506439,1.0560300923744277,1.0248814640226054,False,False,False,False
ORB-SLAM3,MGO15,0.4316418538,0.2414991978,0.2730687776,0.2414991978,0.4316418538,1.7873428058235974,1.0278281222384515,False,False,False,False
ORB-SLAM3,MIO01,608.0871415049,508.2234004596,615.3036151308,508.2234004596,615.3036151308,1.2106951678619373,1.2013720365954337,False,False,False,False
ORB-SLAM3,MIO02,0.629370605,98.7178789221,0.6287367343,0.6287367343,98.7178789221,157.00987955158516,9.468427727447496,True,True,True,True
ORB-SLAM3,MIO03,0.1202434548,0.59546385,0.6679156399,0.1202434548,0.6679156399,5.554694357467847,2.0091279206049557,False,False,True,False
ORB-SLAM3,MIO04,2.574510778,50.9076097882,2.680429179,2.574510778,50.9076097882,19.773702337244593,5.021786819036806,False,True,True,True
ORB-SLAM3,MIO05,0.2656721281,0.4915519582,0.3492884485,0.2656721281,0.4915519582,1.850220276080214,1.7709327132096957,False,False,False,False
ORB-SLAM3,MIO06,0.6916920056,1.4418050389,1.007814534,0.6916920056,1.4418050389,2.0844610422370335,1.4805806694785009,True,False,True,False
ORB-SLAM3,MIO07,0.5376771849,0.108112925,0.6724558414,0.108112925,0.6724558414,6.219939395775297,2.9403546143976533,False,False,True,False
ORB-SLAM3,MIO08,0.2923209131,0.294648591,0.2832353488,0.2832353488,0.294648591,1.0402959667582283,1.0351522123490016,False,False,False,False
ORB-SLAM3,MIO09,0.0333544302,0.0416743614,0.0360670327,0.0333544302,0.0416743614,1.2494400638869256,1.3972665722978133,False,False,False,False
ORB-SLAM3,MIO10,0.6013550168,0.5974569326,0.6124208127,0.5974569326,0.6124208127,1.025045956090727,1.008650679934055,False,False,False,False
ORB-SLAM3,MIO12,49.0566262011,20.7281142045,36.0991050943,20.7281142045,49.0566262011,2.366670972434626,14.328014388584327,False,False,True,False
ORB-SLAM3,MIO13,710.8464932411,2288.1815752833,1597.7473135157,710.8464932411,2288.1815752833,3.2189531734908767,2.7189658987328045,False,False,True,False
ORB-SLAM3,MIO14,0.8926980827,0.8775352197,0.8849918686,0.8775352197,0.8926980827,1.017278922440496,1.0059043359463837,False,False,False,False
ORB-SLAM3,MIO15,0.6296164424,1305.5372940013,0.4324578716,0.4324578716,1305.5372940013,3018.8773976320426,89.16394105866951,True,True,True,True
ORB-SLAM3,MIO16,0.826249023,0.6447762577,0.6538524494,0.6447762577,0.826249023,1.281450756185311,2.1729517036653934,False,False,False,False
ORB-SLAM3,MIPB01,0.1110612025,0.1141478156,0.1130682392,0.1110612025,0.1141478156,1.0277920014417277,1.0054337933455184,False,False,False,False
ORB-SLAM3,MIPB02,0.2064034103,0.0582143538,0.0601906185,0.0582143538,0.2064034103,3.545575907431957,2.076898310724955,False,False,True,False
ORB-SLAM3,MIPB03,0.1272009986,0.1321426971,0.4656352298,0.1272009986,0.4656352298,3.6606255841139284,3.9542484689619672,False,False,True,False
ORB-SLAM3,MIPB04,0.164961847,0.1688233768,0.1630543958,0.1630543958,0.1688233768,1.0353807143419558,1.0149735596536598,False,False,False,False
ORB-SLAM3,MIPB05,0.5674703568,0.5924549418,0.589689299,0.5674703568,0.5924549418,1.0440280002305136,1.0116654062069639,False,False,False,False
ORB-SLAM3,MIPB06,0.3063979838,0.7772234285,0.3018457269,0.3018457269,0.7772234285,2.5749028700263508,1.3979563728007847,False,False,True,False
ORB-SLAM3,MIPB07,0.5439899714,0.5662511801,0.5397517767,0.5397517767,0.5662511801,1.0490955371411934,1.0446827112206563,False,False,False,False
ORB-SLAM3,MIPP01,0.473961438,0.5198777075,1.8459538332,0.473961438,1.8459538332,3.894734223504487,9.889283363799825,True,False,True,False
ORB-SLAM3,MIPP02,0.0923886774,0.64572048,0.0977993682,0.0923886774,0.64572048,6.98917332915516,3.7484626870771938,False,False,True,False
ORB-SLAM3,MIPP03,0.5400756933,0.4952764162,0.2718283142,0.2718283142,0.5400756933,1.9868264823311776,2.7573218894937015,False,False,False,False
ORB-SLAM3,MIPP04,0.4431821433,0.4478197403,0.4543968749,0.4431821433,0.4543968749,1.025305016841368,1.0965893498116168,False,False,False,False
ORB-SLAM3,MIPP05,0.0612206002,0.060346691,0.0600961048,0.0600961048,0.0612206002,1.018711618727076,1.0081486292601514,False,False,False,False
ORB-SLAM3,MIPP06,0.953577094,5.9727248138,19.8119574838,0.953577094,19.8119574838,20.776461188569616,3.9259143108169052,True,True,True,True
ORB-SLAM3,MIPT01,0.0585572774,0.0588906298,0.060718798,0.0585572774,0.060718798,1.0369129286055228,1.0089260310420185,False,False,False,False
ORB-SLAM3,MIPT02,0.1398079655,0.1129740385,0.1098784175,0.1098784175,0.1398079655,1.2723878690735602,1.057014069718244,False,False,False,False
ORB-SLAM3,MIPT03,192.321928765,0.5645644359,0.6016040558,0.5645644359,192.321928765,340.6554089054691,22.25206688475538,True,True,True,True
ORB-SLAM3,MOO01,0.1467880362,0.1550534454,0.1279132676,0.1279132676,0.1550534454,1.2121764091342782,1.298747486001969,False,False,False,False
ORB-SLAM3,MOO02,0.1629282655,0.1605991684,0.1330396986,0.1330396986,0.1629282655,1.224659009412398,1.3953850207930574,False,False,False,False
ORB-SLAM3,MOO03,0.204925448,0.1946589016,0.2014350539,0.1946589016,0.204925448,1.0527412120155517,1.0939628486311483,False,False,False,False
ORB-SLAM3,MOO04,0.2106693749,0.2222571411,0.2105169732,0.2105169732,0.2222571411,1.0557682723703534,1.0457579575279192,False,False,False,False
ORB-SLAM3,MOO05,0.1712384459,0.1640015048,0.1505180232,0.1505180232,0.1712384459,1.137660741614098,1.0689785412538972,False,False,False,False
ORB-SLAM3,MOO06,0.6216087389,0.3869109886,0.4500705458,0.3869109886,0.6216087389,1.6065936538769061,1.0242645637884347,False,False,False,False
ORB-SLAM3,MOO07,0.1909507936,0.1631887017,0.1837615346,0.1631887017,0.1909507936,1.1701226347828713,1.1264334146690553,False,False,False,False
ORB-SLAM3,MOO08,0.7782726001,0.7211343742,0.8699532633,0.7211343742,0.8699532633,1.2063677650439202,1.1244747555179377,False,False,False,False
ORB-SLAM3,MOO09,0.0379287438,0.0356226137,0.029466813,0.029466813,0.0379287438,1.287168171189738,1.229398070254436,False,False,False,False
ORB-SLAM3,MOO10,0.3008566228,0.290834028,0.2738390518,0.2738390518,0.3008566228,1.0986622281314806,1.01923527868244,False,False,False,False
ORB-SLAM3,MOO11,0.6003881759,0.4582727587,0.6304571877,0.4582727587,0.6304571877,1.3757247746700945,1.4533059623969686,False,False,False,False
ORB-SLAM3,MOO13,0.4726254531,2.1930169831,0.1260938239,0.1260938239,2.1930169831,17.391946054702842,1.979837192497338,True,False,True,True
ORB-SLAM3,MOO14,0.3169113182,0.3731573657,0.2410054201,0.2410054201,0.3731573657,1.5483359898925362,1.017647070608524,False,False,False,False
ORB-SLAM3,MOO15,0.0595442354,0.2473079299,0.3019984502,0.0595442354,0.3019984502,5.0718335397417835,1.194475534321265,False,False,True,False
ORB-SLAM3,MOO16,0.0109039167,0.0144573144,0.0113322148,0.0109039167,0.0144573144,1.3258826894743245,1.1184096640254069,False,False,False,False
OKVIS2,MGO01,0.3021558443,0.3108459469,0.3048518879,0.3021558443,0.3108459469,1.0287603326691637,1.0753164149369485,False,False,False,False
OKVIS2,MGO02,0.2487165164,0.2109070601,0.2002223241,0.2002223241,0.2487165164,1.2422017250972466,1.0461315938400175,False,False,False,False
OKVIS2,MGO03,0.0734070699,0.0679142298,0.0841695512,0.0679142298,0.0841695512,1.2393507435462368,1.0234905148661173,False,False,False,False
OKVIS2,MGO04,0.0967347746,0.1243508842,0.1282238075,0.0967347746,0.1282238075,1.325519266780821,1.0483369297644862,False,False,False,False
OKVIS2,MGO05,0.0200367971,0.0193606264,0.0183885642,0.0183885642,0.0200367971,1.0896335832462658,1.0743838950228863,False,False,False,False
OKVIS2,MGO06,0.0977675945,0.0976085742,0.0957745782,0.0957745782,0.0977675945,1.020809450038382,1.0397185583917197,False,False,False,False
OKVIS2,MGO07,0.0210001384,0.0212806063,0.0149313934,0.0149313934,0.0212806063,1.4252257461785183,1.024741575978836,False,False,False,False
OKVIS2,MGO08,0.0468533308,0.0269843546,0.0391060345,0.0269843546,0.0468533308,1.7363146717616882,1.0823138375524806,False,False,False,False
OKVIS2,MGO09,0.0079371755,0.0065309944,0.0085524906,0.0065309944,0.0085524906,1.3095234930839934,1.2660067696450126,False,False,False,False
OKVIS2,MGO10,0.0113899374,0.0078192131,0.0072832241,0.0072832241,0.0113899374,1.5638592529371709,1.0254774597345107,False,False,False,False
OKVIS2,MGO11,0.0153047958,0.0172822232,0.0145783793,0.0145783793,0.0172822232,1.185469443781038,1.1349165539311799,False,False,False,False
OKVIS2,MGO12,0.5530064076,0.4862510551,0.4413521316,0.4413521316,0.5530064076,1.2529822969138686,1.0053397287691048,False,False,False,False
OKVIS2,MGO13,0.7496345755,0.7880337606,0.7882367703,0.7496345755,0.7882367703,1.0514946829583636,1.0236485126912631,False,False,False,False
OKVIS2,MGO14,0.0832513757,0.0671285955,0.0684527557,0.0671285955,0.0832513757,1.240177529112761,1.0672368728743216,False,False,False,False
OKVIS2,MGO15,0.6701015911,0.5205362719,0.6234284191,0.5205362719,0.6701015911,1.2873292934113398,1.5615666133037605,False,False,False,False
OKVIS2,MIO01,76.1840386969,0.5044005317,53.2585690377,0.5044005317,76.1840386969,151.03877555428835,19.70502241435627,True,True,True,True
OKVIS2,MIO02,1.9105850525,1.8050401466,1.724932768,1.724932768,1.9105850525,1.1076287075903009,1.2874912592559804,False,False,False,False
OKVIS2,MIO03,0.0760546675,0.0638831391,0.0696302755,0.0638831391,0.0760546675,1.1905280261971347,1.10087087677105,False,False,False,False
OKVIS2,MIO04,0.187274114,0.1899261643,0.1868899245,0.1868899245,0.1899261643,1.0162461395825542,1.0135013921508733,False,False,False,False
OKVIS2,MIO05,0.049088804,0.0402068239,0.0390278896,0.0390278896,0.049088804,1.2577878154088045,1.9763032938552014,False,False,False,False
OKVIS2,MIO06,0.288624139,0.2745867299,0.3096661759,0.2745867299,0.3096661759,1.1277536099897303,1.240281667148362,False,False,False,False
OKVIS2,MIO07,0.0416598988,0.0328497144,0.0313607943,0.0313607943,0.0416598988,1.3284070040279559,1.0728326413982052,False,False,False,False
OKVIS2,MIO08,0.0462804173,0.0333287499,0.0511645026,0.0333287499,0.0511645026,1.535146165203154,1.0526467034655125,False,False,False,False
OKVIS2,MIO10,0.0290113619,0.0286513154,0.0234568731,0.0234568731,0.0290113619,1.2367957901430604,1.142655138720783,False,False,False,False
OKVIS2,MIO11,0.0482328733,0.0507401101,0.0612195146,0.0482328733,0.0612195146,1.2692487594347814,1.1108477423359773,False,False,False,False
OKVIS2,MIO12,0.9535039559,1.0037396659,0.9873983999,0.9535039559,1.0037396659,1.0526853713497004,1.0333697103400872,True,False,False,False
OKVIS2,MIO13,0.5301607354,0.3642348171,0.4241171228,0.3642348171,0.5301607354,1.4555465609276044,1.231942225664964,False,False,False,False
OKVIS2,MIO14,0.0272247951,0.0524330913,0.0372355625,0.0272247951,0.0524330913,1.925931530702319,1.072245902380226,False,False,False,False
OKVIS2,MIO15,0.1604288529,0.1764524707,0.1957304531,0.1604288529,0.1957304531,1.220045207341877,1.0961974623097288,False,False,False,False
OKVIS2,MIO16,0.4773594537,0.4413664964,0.4499460197,0.4413664964,0.4773594537,1.0815489113776784,1.0150466941591807,False,False,False,False
OKVIS2,MIPB01,0.0254354388,0.0353083626,0.0250813365,0.0250813365,0.0353083626,1.4077544312680466,1.0031563415881917,False,False,False,False
OKVIS2,MIPB02,0.0357349038,0.0373816831,0.0391913647,0.0357349038,0.0391913647,1.0967250652008191,1.0298365255204958,False,False,False,False
OKVIS2,MIPB03,0.0842681592,0.0878971652,0.0881809292,0.0842681592,0.0881809292,1.0464323658798993,1.0058369379425047,False,False,False,False
OKVIS2,MIPB04,0.0617020982,0.057909989,0.0633560842,0.057909989,0.0633560842,1.0940441415038085,1.0330910202579864,False,False,False,False
OKVIS2,MIPB05,0.0246973252,0.0265728669,0.0293339267,0.0246973252,0.0293339267,1.1877369902389268,1.034071449748663,False,False,False,False
OKVIS2,MIPB06,0.0260728552,0.027804664,0.0395577573,0.0260728552,0.0395577573,1.5172008204149425,1.0917516031812946,False,False,False,False
OKVIS2,MIPB07,0.017107943,0.0171266018,0.0198671122,0.017107943,0.0198671122,1.1612800089408761,1.0190738067523086,False,False,False,False
OKVIS2,MIPB08,0.0780670591,0.0890271447,0.1072548603,0.0780670591,0.1072548603,1.37388114188613,1.0373584941867022,False,False,False,False
OKVIS2,MIPP01,0.106635081,0.1065244441,0.114244087,0.1065244441,0.114244087,1.0724682767905662,1.0293756051114502,False,False,False,False
OKVIS2,MIPP02,0.0301833032,0.0423539716,0.0330709667,0.0301833032,0.0423539716,1.4032251976980439,1.0429834223060555,False,False,False,False
OKVIS2,MIPP03,0.0778435316,0.0847286157,0.0923200136,0.0778435316,0.0923200136,1.185968977800077,1.0031547806987964,False,False,False,False
OKVIS2,MIPP04,0.0403988277,0.0351456332,0.030168024,0.030168024,0.0403988277,1.3391274052287945,1.008047278708477,False,False,False,False
OKVIS2,MIPP05,0.0446988864,0.0444046293,0.0394329897,0.0394329897,0.0446988864,1.1335403868705396,1.012348678678255,False,False,False,False
OKVIS2,MIPP06,0.0845662721,0.0978331393,0.1167161241,0.0845662721,0.1167161241,1.380173456883409,1.1024414984910627,False,False,False,False
OKVIS2,MIPT01,0.0553714311,0.0493506084,0.0541282745,0.0493506084,0.0553714311,1.1220009822614465,1.0553205334649993,False,False,False,False
OKVIS2,MIPT02,0.0568373409,0.0435120317,0.0450283322,0.0435120317,0.0568373409,1.3062442427849215,1.046664334758104,False,False,False,False
OKVIS2,MIPT03,0.0764827072,0.0847215032,0.0677960643,0.0677960643,0.0847215032,1.249652233868685,1.0371280654490047,False,False,False,False
OKVIS2,MOO01,0.1356018852,0.1434790151,0.1852388768,0.1356018852,0.1852388768,1.3660494212657157,1.0679647563410406,False,False,False,False
OKVIS2,MOO02,0.1072977696,0.0710377644,0.0886899548,0.0710377644,0.1072977696,1.5104328029782423,1.0352253250640524,False,False,False,False
OKVIS2,MOO03,0.2275362518,0.2425402619,0.1769516975,0.1769516975,0.2425402619,1.3706580119131098,1.0748369791343535,False,False,False,False
OKVIS2,MOO04,0.0713458748,0.0973032743,0.0611929535,0.0611929535,0.0973032743,1.5901058657023313,1.0379204732751692,False,False,False,False
OKVIS2,MOO05,0.0273673169,0.0265731382,0.0220283184,0.0220283184,0.0273673169,1.242369771629958,1.0176907269233555,False,False,False,False
OKVIS2,MOO06,0.0530898111,0.0532934036,0.0572342059,0.0530898111,0.0572342059,1.0780638452865017,1.034194482609874,False,False,False,False
OKVIS2,MOO07,0.0233373117,0.0301454838,0.0383743938,0.0233373117,0.0383743938,1.6443365154179266,1.079494101181434,False,False,False,False
OKVIS2,MOO08,0.1543657622,0.2251052192,0.1862399695,0.1543657622,0.2251052192,1.458258722606819,1.0441616039918216,False,False,False,False
OKVIS2,MOO09,0.0066793949,0.0075782198,0.0072272952,0.0066793949,0.0075782198,1.1345668153263404,1.174748012918389,False,False,False,False
OKVIS2,MOO10,0.0125795444,0.0100217983,0.0134847442,0.0100217983,0.0134847442,1.3455413685585749,1.1548373119148112,False,False,False,False
OKVIS2,MOO11,0.0170930744,0.0303833528,0.0168873894,0.0168873894,0.0303833528,1.7991740511413798,1.2052970397915495,False,False,False,False
OKVIS2,MOO12,0.3515381566,0.6477377839,0.355734695,0.3515381566,0.6477377839,1.8425817275847889,1.0127743772496576,False,False,False,False
OKVIS2,MOO13,0.1263342841,0.1451550452,0.1443606796,0.1263342841,0.1451550452,1.148975879620313,1.0387381512152336,False,False,False,False
OKVIS2,MOO14,0.0383561704,0.0387165852,0.037161799,0.037161799,0.0387165852,1.041838292059004,1.0558837202607299,False,False,False,False
OKVIS2,MOO15,6.7486856013,6.4983299454,6.9555677922,6.4983299454,6.9555677922,1.0703623624287755,1.1256320355831073,False,False,False,False
OKVIS2,MOO16,0.003690555,0.0037790056,0.006033605,0.003690555,0.006033605,1.6348774100372439,1.0292171048243388,False,False,False,False
